Rainfall_mm,River_Level_m,Soil_Moisture_%,Temperature_C,Population_Density,Flood
102,2.2562533665529227,93.4331090316676,33.06767394245571,2461,0
435,8.911960730282027,15.424065126060476,32.3133107884277,2667,1
348,5.713362849465323,94.09924241249628,18.360878235203046,9004,1
270,14.548715967219048,41.6460418515671,22.48488970929203,4195,1
106,12.63178384703563,19.127874560429486,23.967888135425337,2825,1
71,12.574930570667068,53.72845832676931,35.11093019198762,6678,1
188,7.030397396924554,33.109891094845715,21.968996810363826,3205,0
20,6.222292535064978,35.638561176573056,20.26762409668008,4020,0
102,4.101106078960593,37.65609684336579,38.936200475952404,8022,0
121,0.8456324497639067,82.27233080493971,15.221582127836722,8825,0
466,12.970835643825799,58.52451490077291,39.94552139204946,5465,1
214,12.193515136951163,38.01769292404033,31.92053247143489,4381,1
330,14.995765099291958,64.93004049798265,35.71173248622793,1992,1
458,14.94955255610858,74.45356068008742,22.365484908654828,6076,1
87,8.331475584039412,34.53616006601804,15.3578819416765,8351,0
372,11.534811227707657,47.21941913728163,33.44673796403825,241,1
99,14.17148594823642,20.96974840032528,35.8536149250169,9145,1
359,12.744710860161172,26.303441458121227,33.51190329883798,911,1
151,3.710221526147965,71.30060685684845,18.571257182520966,6761,0
130,6.758162029651403,26.329451292606425,33.83569805642423,9325,0
149,1.9373912272724247,57.26470453003542,34.22306955269103,699,0
308,14.310765408880835,73.81416355501895,31.46351289175137,4184,1
257,9.0926195167632,19.618923078526947,34.15289831988966,7637,0
343,3.4296420825519407,61.058099766601316,36.1480359919433,8878,1
491,10.075510266087852,33.09065053312274,30.34010285593646,1086,1
413,9.271923606868437,96.66341877138218,17.215117849241977,4181,1
293,5.372440770492608,53.51910820479323,27.190695241680274,2198,0
385,1.7033638829944353,82.53932947976423,16.941233366790126,5507,1
191,10.073597933891994,59.52038879406356,25.18857577581077,6129,1
443,7.804615513556899,13.907127956933724,25.17766222814069,2480,1
276,11.58477587603459,66.98362380346201,16.65024610350604,1929,1
160,7.802452516679901,95.62630079859913,23.72051334923698,7592,0
459,12.782722504778102,64.1450638131698,17.77495246978287,2061,1
313,8.278602581617283,83.72699734841112,35.20588025023055,3423,1
21,8.414069573030794,89.5785817013567,38.69220064911177,7407,0
252,13.149804039875175,30.527179475403923,16.807911881448465,1339,1
235,6.052242993185955,29.0840355917404,38.877880182292536,1497,0
344,2.010228426759611,64.98828899658926,28.06441498341863,3249,1
48,0.4317401447000846,46.99256228260342,22.489141948846846,6431,0
474,11.327058835104285,85.58751725800484,16.921551881904087,7572,1
58,9.30464327030197,91.002081105821,27.515606701760447,6109,0
169,10.561196521488354,41.807924137244626,34.86288861226872,3233,1
475,3.194462422633661,31.318350307703387,32.677161931667456,5512,1
187,2.0455721338015467,80.24729637194757,16.255650286599344,3266,0
463,0.21816998501822893,34.73254319933225,16.822545884197588,3186,1
270,5.258813382098955,84.03528866623105,25.071832065815926,3368,1
189,8.848765302819496,48.13644282838865,22.382262351198584,2832,0
445,5.8836606764959845,70.07949093623233,20.809608076401197,9232,1
174,6.562123830355936,18.59817824512014,22.02511247271784,7707,0
445,13.562380417406226,66.14733922089158,35.08706858242212,4970,1
50,5.2238320053495055,50.65909108635062,38.230701340796344,6374,0
363,7.709842337397162,62.79476168579267,25.12756736318916,6377,1
54,11.754795191117147,25.12127869703771,37.652775053312425,8467,1
243,5.948141734819052,76.31863704497638,23.03739253119705,826,0
319,9.331300503418102,87.65173697889057,26.91092465859479,5258,1
130,12.935455631201178,29.506582008169808,20.650724945399993,737,1
484,14.242809354864631,18.614309996814555,31.0119010543961,579,1
306,2.2061022139355693,12.127472744170277,39.47452787937022,5117,1
134,13.898814377422417,67.77743503989393,30.087327401084465,8130,1
20,7.381744396193072,64.63846324799027,23.945352102838722,5568,0
328,3.8736658244843754,59.2027671442663,31.19543614976321,2203,1
166,6.88703634357392,30.875238650437787,18.07301696163469,9536,0
273,14.700488629282155,45.18153963149632,37.21647700663497,6144,1
387,7.389271409893044,63.50287016675557,27.577098769495908,7024,1
88,4.931274154312623,54.709017297325246,26.23374355099105,9768,0
315,9.501012814750887,98.90069681933986,29.64661971133798,4824,1
13,3.602184281672896,22.27957773010598,30.619596569735062,7742,0
241,1.137949921629959,72.56300986428344,16.794395155662826,3153,0
264,1.9331958286597384,46.38868912938629,32.06543053058506,2490,0
345,1.9206875843665867,48.53796534330533,21.04829200788824,4185,1
52,2.278540402684415,74.58379890923587,32.848815812664746,7174,0
385,2.082407589741152,72.31925361919326,35.56336985960492,5251,1
339,9.613121172048219,99.21303943319695,35.098962688813,894,1
91,2.728201265987172,21.55548605087127,28.812524185197226,496,0
366,5.1850092498579485,19.36986844457497,28.00424730776878,3965,1
443,13.451826148590177,75.1904935415867,18.571899033485295,3159,1
454,7.1094246039430855,62.05482253057682,34.38365376007839,1284,1
427,10.013366077815407,34.67445999038253,21.785234511167857,6637,1
263,2.5847980680244476,17.147743209008794,27.417385570448666,276,0
430,2.8843352821300616,17.70924246367875,22.106852323187915,4193,1
34,0.613029243997183,90.47717871977065,18.345709074992328,7235,0
205,2.534025946082468,27.268059224686862,30.738942422293412,5608,0
80,4.17885508547938,39.10344059039687,16.358300870572595,236,0
419,2.6551572641512022,30.399076200428922,33.716130853155,2585,1
49,1.3305380063558343,41.94966752487436,22.939669881527916,1982,0
359,1.8095380665090122,16.248145847148404,15.003367325112134,9090,1
387,6.911681520490887,56.715381181744334,27.778228480930743,2082,1
1,3.0950057760868876,16.085130723299343,16.17129771319008,1302,0
389,5.464047915721132,82.03208570401254,21.904238945522486,5559,1
53,7.5512590628228535,31.034087371938973,32.6744121863929,5124,0
105,10.35592242944048,58.601072314405954,16.567240540546646,1931,1
259,0.589682097616484,89.20711788053124,35.98346230890006,319,1
309,11.99115598363564,68.57896321424747,15.095498066464577,1680,1
476,9.418505842363617,57.966200789620174,21.170596730047556,4455,1
190,1.2263854792330786,39.190037780383804,33.52260140380179,6189,0
401,13.103679361601658,39.97017217523781,22.90675374323267,1624,1
217,13.813086007977198,70.25382596783712,17.547309701650338,1745,1
43,0.9161693978229563,99.47254250990508,24.0058479700107,3308,0
161,4.153164722208055,69.56552708644408,21.75983215961314,3312,0
201,12.09301919689592,60.20050756330224,36.06779755401387,1495,1
445,11.223895355754875,75.75854592153215,22.83369793962858,6313,1
483,2.76781529034566,51.86850510553463,34.72331179440018,8461,1
269,3.1402398500506545,15.412810834070669,37.29680362026836,102,0
350,5.55708154187073,60.60671342901188,25.84543548941324,9999,1
303,7.26784477786532,96.18627560548421,37.7485785963598,5620,1
270,9.27382157295444,25.777264812189365,24.432951349079822,7629,0
455,5.533704593546586,72.10044017385991,39.10196041225271,1716,1
461,6.938020741997218,28.084031979315082,17.232238113139324,6951,1
214,11.212064072006347,58.22449160257732,32.17548166258106,2835,1
251,0.5502480433589685,18.700880468204765,27.34535101142322,769,0
189,3.7865541651603114,50.53338426323666,24.691220136391177,8647,0
295,10.700243788268287,78.05469960057215,30.817796968715022,6905,1
212,13.42810256530799,41.28143718150839,32.59642729085828,2344,1
207,7.6751616317349916,69.84205520384963,15.109081741257727,8313,0
236,7.981702278979735,81.59049647107562,19.173827218679968,9471,1
337,1.6075801700966408,93.44600375315073,32.826151265857966,9809,1
366,6.711185502351819,31.117787366990818,31.65963533945516,4532,1
52,7.989258996825347,45.938432422837735,39.15118762821693,748,0
279,3.637057554520945,23.71744119973757,34.025944756269574,7293,0
409,4.0386484642407146,99.32351519425377,38.769317693283455,9068,1
216,5.65926244656934,93.43008711318657,32.563512538370176,5968,1
251,0.3010679666658955,58.59614172525036,22.45130521598608,398,0
187,4.831187483747675,85.78299649387792,17.634123056271413,5424,0
379,3.17172010494817,56.8862179544838,34.54559658362339,7919,1
492,4.91246028266872,66.12271192024838,31.1037305368979,357,1
40,1.7964319772887682,18.021198890441497,16.204650309832406,3466,0
156,13.357909211098423,77.97433784471271,24.00126164752446,4870,1
14,8.90388680331073,21.494213527171134,38.91999538710715,3608,0
300,10.186534787167345,84.34608672272755,27.51002864275503,4528,1
64,11.837568579110075,80.38252789033473,25.818228400492615,6581,1
344,7.476632983935859,73.78702279686789,26.44249012898235,4670,1
326,1.3038043213113553,13.254434247228591,20.222068100129093,3035,1
8,8.056598127278217,37.28155203507957,24.21767927161988,8162,0
343,8.802616770313186,33.680131291975854,24.245331399679415,8517,1
128,11.18159211276495,42.41227667243672,16.30887550468681,2597,1
491,6.474893193445191,17.88784720874547,34.189190712947955,386,1
135,1.9137045419334564,94.32620407279565,25.412610797596976,3029,0
471,4.256638586980867,59.842201664113865,35.554497170410585,4018,1
62,5.446234445979527,37.49718795922212,36.258700027997385,960,0
138,9.688758619974019,45.72833653668551,20.299851367466452,2046,0
498,8.561674570033679,50.24822864543521,31.433837054253214,3179,1
80,5.341450888467694,64.05349000245556,26.807045104074543,5497,0
391,14.797728731894695,56.4111484926848,37.003918448037126,6179,1
162,9.086622290353308,92.74527758929756,20.393516979411352,5900,0
418,3.558401876039917,54.726713461524724,31.945330007751107,4254,1
288,1.5267370893060561,99.29422133409814,30.193803056318064,7496,1
378,2.2928870877649805,86.62824619705862,22.382536939295818,8569,1
260,3.689365925767622,28.765946292160223,18.415022591279314,364,0
489,2.410220598893335,93.75356931795247,31.290994011931915,1184,1
230,2.7985053607695862,20.472975809692848,33.46493645330827,4926,0
40,4.276427530407706,83.57047376420724,22.89068359408375,8152,0
27,2.6006039294213226,44.256096412892205,31.120815100557845,9762,0
134,13.451481369396378,89.01768884005625,24.87827269028758,8397,1
200,1.2035061849246331,88.12510210967054,32.830172082065445,5642,0
327,7.86767084355382,82.5332860105859,19.980381872351327,1774,1
267,6.155952404844923,81.10273926763553,37.25537506590436,3393,1
417,14.735679253629096,37.42112251882367,22.185239911639492,936,1
32,1.6805835325207852,17.282735474612696,24.194649693903823,771,0
47,5.967833985686124,46.268216088864534,16.452298802008745,7728,0
406,14.542056499130533,25.61720634878578,17.78780530803191,9154,1
61,12.982606888409704,72.54559800122155,27.896547567808202,3407,1
215,12.256081064239199,41.1489753884007,21.689816918199288,920,1
292,3.8685424056740976,97.80491807739234,35.88700564355486,6801,1
98,2.563313810850987,67.68748696107988,15.367334716373847,547,0
171,10.029648298866466,84.02325072709249,24.477351216798404,1806,1
359,13.940639836913787,21.927220546766357,23.433638669227317,1167,1
213,8.351443395208946,87.58130340453603,15.483190772940025,2878,1
474,8.574190342048498,93.0481471462055,18.109209975012757,1697,1
34,4.199686404904263,53.83557269370423,25.341066872965882,7042,0
448,11.542393997879053,64.56276439758797,27.321614611186163,6821,1
226,2.8056562283628503,78.83288208126959,25.107243681371727,192,0
100,4.855188546063655,25.73547645343713,28.273441960302346,2811,0
430,6.381546579246252,55.23094688170982,29.878291872642038,3485,1
461,7.614155680266825,45.87967249950818,15.24809552819589,6672,1
130,3.6361459862262038,23.17365929460242,26.602378986337598,7119,0
256,1.722552371088053,43.07809800623783,39.087481022189706,4562,0
4,9.159300636624488,16.135507844694423,27.975807003238717,1898,0
217,4.329458298603837,12.323071625453828,31.93855668647383,2746,0
254,8.718573321339184,22.16496602393405,22.79659644792208,1767,0
397,2.3154407291130346,96.68036004302564,34.34978445381906,3122,1
358,7.217101527822262,59.45765823055153,34.323037046902876,9309,1
282,7.988841488273788,96.9239945037898,28.032401191353472,2836,1
392,0.7773530523364036,48.924809049711875,39.40034558198034,3841,1
206,5.049064172908809,38.06345197767336,18.138755369066335,9530,0
14,2.0162201540846136,55.55276765562197,15.423691622239526,3921,0
345,0.9506245570915162,49.55605197696191,34.253955293927405,1856,1
41,14.849403485849178,19.509821583556953,35.178888434122065,1554,1
379,4.835307674620845,67.67436832211857,18.005180728014405,3358,1
460,12.148116687819522,29.443436425863965,21.63957082396515,7167,1
178,3.8196098214564578,65.76291594080466,15.438809084165722,5098,0
62,10.22254083335894,68.51809831583381,22.332715269514118,8313,1
351,11.403417898345298,23.68223678157833,34.32854684796679,1740,1
230,8.934581109117664,15.521466439960134,27.949013192814473,9586,0
240,7.073642828252376,80.26854274615958,23.702389829207203,3353,1
51,6.177613712209028,51.382038139238816,24.293482372658257,3163,0
95,5.23302399814493,15.234741595492821,15.033840642886704,9124,0
387,13.942937163717387,99.53796854527904,22.495013189130898,7900,1
221,12.459291116815937,15.200250489672998,31.161468540948263,6466,1
484,14.475403659997689,72.55317059726978,39.35486109540893,1554,1
406,1.864458352283171,98.53110327370723,36.176520674597484,8974,1
230,10.963012128054665,31.526209379433304,15.589874116138228,9990,1
236,14.075106852315567,22.802443181847657,37.46401511687098,3974,1
142,2.718495992484902,20.9246445480186,34.579960332465646,8665,0
170,0.9974440105016624,37.294763281083604,34.509403089274514,9833,0
28,11.116809739350886,19.0941229909582,26.44989397508929,4535,1
35,8.617096697698678,72.29452075247187,24.95013232386257,8150,0
12,12.627431651374081,15.606261831705641,22.572893220829815,8734,1
159,2.0965856493943424,55.84799153348107,16.642371473859143,241,0
326,11.929009677898353,99.70271684676791,20.705884087342476,8740,1
186,3.024409800716168,83.25732425554169,21.165090874450616,4967,0
242,2.4548391429855676,65.36974944079098,27.10192674275504,5881,0
85,2.4639869689648943,37.56282587079505,33.68611016491735,9498,0
283,12.218620803470731,66.15062526624746,26.845245709948664,4372,1
65,9.977958310443002,57.433731752048644,16.446111236179014,7049,0
169,7.84598137153679,48.347504550133436,38.9447450247051,9058,0
44,5.3824572618525375,21.76393390661795,38.56810797735281,7332,0
61,13.158008112196624,89.79437937164201,34.62973857871021,9715,1
440,5.886676611339531,50.48061839391902,39.783197539105515,9328,1
133,12.248991592073656,27.516026063868857,28.612058320006575,1924,1
283,6.587023628553276,43.09834157895607,39.069208756330156,9112,0
27,5.654166441373613,47.27167772760343,16.89012601541877,4813,0
107,6.940196785044097,84.47841060101868,24.142018706534284,8514,0
43,4.520668112462131,76.02529425052619,20.634531700169145,9271,0
339,11.214140702643768,79.23744042772059,19.89582710335675,1101,1
285,7.540805851387187,10.992813798578249,18.5200737223169,9815,0
445,3.48319042720226,47.45385983617854,30.560341039149918,7588,1
330,13.493618599118527,53.32097364717912,34.533046393682625,7461,1
127,5.758368320598171,11.727304914075102,29.45745998550902,6370,0
347,8.153292916709828,33.38318878705308,18.674067739705244,2155,1
472,13.597081664468204,78.42608408099215,35.27809424833677,357,1
230,9.363569938709881,22.339873515609916,30.898867679093215,7787,0
189,1.753470610625461,58.17791183073325,24.704142653174888,3409,0
224,14.097481854202126,29.368168481551375,31.853257388401573,3226,1
384,9.415620796071268,11.090869717950394,21.497624481070822,1301,1
376,5.023584219856292,31.708131183958734,23.629805212355265,5416,1
282,2.0890810899508088,97.82863794190484,37.937146078299754,1567,1
445,11.910377839054439,82.13834006946907,22.26261264178551,6276,1
120,9.301091338927703,96.361897988893,26.749706703948416,5355,0
115,8.001916379644824,53.90686395337262,37.25352843490037,9620,0
460,13.408388745764364,19.876257880975317,32.69303375668819,5919,1
232,11.828958168367961,59.31635400763236,16.555080654117567,8089,1
258,2.2751231959912674,50.89396011039648,18.68257610697426,4941,0
358,4.675831016933223,85.99213744656544,15.19603976929792,5042,1
197,3.727337097216986,18.827432270582015,30.773044755729085,2011,0
455,11.159194388590155,53.94170233196004,26.19183563526046,2913,1
410,0.5029865210366907,23.50437982245858,18.356871272556887,6653,1
136,8.548345273069748,39.22083342010539,38.94835302641926,4617,0
317,11.436880286110359,76.36213696490196,28.241493098640497,6563,1
164,13.151484551426242,52.84163164318899,21.04733235282223,4055,1
224,5.131226230738612,43.82994566311924,27.51508927886769,9164,0
306,12.318859570080193,45.50286507130318,31.990508318377696,233,1
233,1.6594760543281084,51.350209156538796,16.90598044933911,7805,0
171,12.696784376017773,80.65148894533512,21.8675953761973,3408,1
151,1.9123299349797362,90.2876220046211,35.17413727209984,6665,0
462,5.959309358405509,95.98012178535355,26.49162176006653,9640,1
314,11.959430486693304,80.82130476297655,28.664428550807372,6847,1
373,2.248761410231607,38.38662061732114,25.820400055236732,8778,1
159,3.4387709284896224,71.93212354778879,16.097498566075128,7728,0
95,10.833788525895994,49.384281164985275,19.1437444955039,5748,1
471,10.800548048191116,32.92035598414461,26.13854096854727,1323,1
232,9.617214493279459,85.67844214833303,20.229636635198197,6703,1
179,10.4092266670065,13.458371406609249,16.24947571649197,1146,1
112,8.140866650213942,91.15857929218812,36.09124160129559,9547,0
317,3.7769858836042913,51.53297181622607,39.5298132291029,9157,1
496,5.185439902558792,67.34813291274523,34.82857184991849,8052,1
441,2.723965752021385,69.34185299852044,36.344623042616675,4297,1
51,13.626758420004425,90.56059666358827,21.049428257926134,9270,1
267,8.750876921491807,67.30027139504867,39.01567438782999,5364,0
294,6.012771251454598,65.25402262840555,19.92314261133571,3404,0
385,6.93008705466199,15.998683650462096,38.78574525904581,320,1
386,14.20925009417723,56.656721975068365,39.87048234914877,1236,1
112,2.300271046741203,23.51521007353375,32.79307014365122,6355,0
100,8.793447480251958,76.3690391849337,39.52859329479555,2448,0
112,7.58833018326699,56.0999728731407,29.23849448917759,7045,0
439,9.171813531519717,71.2205001287518,21.48854457940226,7349,1
80,0.27165275731260763,13.750561054214584,25.92489714164052,4232,0
186,13.081858634162272,17.63128144412229,29.839023384469648,9953,1
112,13.981774237254186,74.4691049256414,16.827039050675374,2280,1
1,8.476997753838134,16.487590239880603,30.55858161543115,6561,0
129,10.449762358153384,16.413105498873275,39.529445919057366,178,1
219,13.837490717659435,11.08976277113987,19.75269124459319,9511,1
53,10.60857951470098,96.0851258469532,34.81487790720958,3722,1
342,2.28808564371392,76.37575235131062,37.697469844490485,9843,1
484,8.644325402502197,41.79262676518577,38.59253982050552,4815,1
223,9.100725695742838,36.68820231588897,39.00339011013618,4020,0
224,6.36196006953579,41.47329067712646,28.036490968036798,7595,0
384,11.046663534370843,79.71881780630636,39.432697699787596,5602,1
402,14.015505221535223,69.5233549963373,33.93275517836097,677,1
125,13.883527693601645,26.667601108072112,19.041785905924048,6639,1
129,6.762590571061981,25.66984018006759,26.922502661699248,2094,0
52,1.698570687611329,18.85560847420576,32.9582793843001,2391,0
171,14.77261798443502,69.42724477312044,21.183507895477085,5934,1
217,12.583471296689012,78.79353959995623,31.015379588722183,8235,1
159,1.8699402180490026,33.85417854925036,31.66501197616548,299,0
197,13.812628239260585,11.885046492782154,19.067493595214145,2975,1
415,13.048445430931924,17.39545007287846,29.12713281131891,5093,1
246,7.782570856891081,97.10740313605274,34.29067277446519,1024,1
323,8.869131536173938,36.59002997296783,27.47239161339855,9567,1
438,5.985040558051954,79.23008330543203,15.302577919402685,7242,1
202,0.82142458233047,66.21972119688374,15.225961726982305,9225,0
183,5.027958624688514,44.37456756876063,23.925733599250304,9130,0
122,12.042801728970172,28.51185359759996,38.154851710794546,2722,1
400,0.06948034506904288,20.92477763434658,20.71691949009022,7329,1
254,5.002487575367162,65.35116712349799,30.859092221792178,7581,0
293,5.97253040386415,79.71704025740092,20.551896767333012,9568,0
279,8.060934044068842,67.95138281870176,23.041749741488715,8712,0
324,13.797834246191407,57.727191992424245,36.2010522400371,2037,1
371,5.1951899154894186,13.775610108847264,33.221536056748675,140,1
97,5.204298028443415,97.16398998349455,17.384981932830264,8771,0
197,11.062518721646226,81.88427724891172,25.71755052466084,4109,1
469,6.7832691133471075,36.35398330308683,15.729244091131612,2823,1
394,3.369072344099729,98.19732964229655,27.022253665075226,9928,1
239,6.786592741990401,64.16934306726898,31.560850292526702,8433,0
143,2.112855305696998,62.418039238652185,17.96256558995379,7459,0
96,2.6458047975933496,77.3265861486579,22.22212347272914,4490,0
200,7.475516591092196,83.05928092811239,24.945915637553924,7397,0
123,6.2838817425682185,69.08307465983523,37.98827561640124,1058,0
186,13.7226885160215,21.528617172958,39.831375385574106,3833,1
325,5.435908486749497,40.44407553950485,16.122782474890396,6696,1
463,8.708825254170652,93.52752762934448,34.0251980873848,4348,1
348,9.483964318792955,30.215405065946673,24.293101660058582,4718,1
258,0.19641684882500454,43.4950321453762,24.811454655737002,4337,0
147,9.953060580250659,48.88691946497764,33.85662433367557,2102,0
251,2.6705395030462715,49.5464490725007,37.96066080363522,6059,0
442,14.416054762041828,65.1645624245073,38.773214862563705,1766,1
419,2.2299409162966946,94.87682539702368,29.42806465095802,360,1
402,6.219361855905356,31.662344064925446,23.928028982512572,4588,1
345,1.2802450211796579,20.935123867082623,34.68872714646948,1310,1
450,14.953113777689211,27.77234408739436,21.275034581557506,3982,1
146,7.5329251549686385,89.82324101883425,29.101850720837945,634,0
147,8.930775259800656,68.12297313896855,23.96446153812183,7666,0
351,1.006147160826412,35.73161103152441,31.415776842696904,8601,1
198,11.249407055987668,83.43522450717555,21.009972822337673,2916,1
307,3.1485838964337862,87.52329967270924,19.789823643370646,5948,1
488,13.470814341610707,86.18629048212502,37.95597716688593,2061,1
416,3.0770946072301077,92.7033880275599,17.545092073738424,6301,1
423,2.8603158099549986,32.701691815602544,27.64894769337329,4989,1
127,0.5482450177214232,77.95377358716505,20.52131957407522,4056,0
38,7.081004176649989,51.4485547546726,15.973249083141686,1675,0
337,8.472616998939246,85.77986976010554,15.90047045728566,940,1
359,0.9856295914252855,75.5641609445452,19.38054430264568,6128,1
128,11.63291425042516,79.88027018497522,36.66925886265001,7086,1
266,6.799332521220414,69.05456539129644,22.06196859942567,8973,0
475,7.8658540399137005,25.968589252273617,38.761479264382395,4011,1
440,6.611441204073422,59.05242270072445,29.54055732472984,2554,1
472,6.01144591312989,98.62027655720574,25.91535474421915,8856,1
433,8.394604969623268,94.36492598474071,29.502220866736366,3856,1
150,2.328603688960688,13.885636221731051,27.917459630656694,6150,0
414,2.728921957429067,24.833333415649342,33.96940634393313,1769,1
477,12.92678431520276,21.85558961091057,22.062401649321306,6736,1
297,14.19173193200449,75.3381918986766,23.826259790007562,1637,1
98,5.599639744196294,83.60067968712505,37.35235756333127,7050,0
262,4.0611700971533065,29.216022967960473,38.661412828760135,9853,0
251,9.659993148585237,55.52674236566461,37.313955687161865,946,0
143,6.131012566471446,85.663272521008,25.48619984893284,5608,0
345,0.3807953349051729,75.95213902896255,34.50913757517204,8519,1
111,2.3422889604928554,58.80134849426634,26.90839333252747,4697,0
499,10.739583432710964,63.13129214128956,27.438496303652556,9878,1
59,9.88385912865227,55.752449222465195,20.117002726432098,2482,0
368,0.40643988755225235,36.77936061869385,29.77825758146291,3954,1
1,3.3295824289942417,60.85197935731145,19.653397443833697,6887,0
384,3.466121948821071,71.99967718450816,23.289117476679845,1499,1
303,10.078391153980926,88.59906242747269,36.375755040498376,4550,1
253,0.2956580663154623,67.26622185813233,20.17689523027138,5504,0
139,1.5616287297686076,78.50093833388422,16.778957129335822,9474,0
452,11.99874128059784,24.40644714591157,16.72518981532041,4167,1
36,2.678169930815004,51.54017269778109,38.51961301257769,8919,0
159,9.79119161777812,10.839845784438397,27.673010949045867,2078,0
8,3.572741715700898,32.20109780694607,25.235301795425457,6895,0
232,1.4916208913901774,75.38155436017044,35.27196452519796,3808,0
98,3.6475828649918114,99.26289562144271,35.895648197762895,5954,0
146,10.834003977834888,18.92602896284943,23.304775827890115,4674,1
303,12.835447021594286,46.13448842751594,32.34045143684488,8898,1
207,12.453297968504874,82.00638718292436,34.27807039629717,215,1
130,5.957752944276822,28.363207116600897,31.366267171648865,4641,0
403,10.021277048559693,59.95764543720576,18.789876870002484,639,1
151,3.0747644312373144,75.97641664267073,36.89707708792643,4574,0
53,4.3972159539151985,65.43869052341611,28.477363818400217,2871,0
119,13.445037277816796,26.922226115387453,22.061810659250092,6559,1
160,0.19502885266104053,41.984611181716545,25.630704635942347,7743,0
407,1.2826279628170212,80.54126060368574,15.939277259972684,9504,1
115,3.11829382719041,59.8803862718815,18.19667003056044,121,0
74,0.39798305810729573,10.470665218862147,34.13866876289652,3630,0
112,2.7215315263469595,78.48916840252845,15.000290868884154,8012,0
455,8.745623414545383,13.178021944621516,25.414145712057305,318,1
419,6.321368258887469,77.1160404458109,28.06275452713971,2512,1
421,13.390075666154623,28.223250414871366,16.365860500024308,9510,1
103,12.261653426076613,96.22661321074422,39.32695407430832,1065,1
339,5.12726027546814,43.11466761718761,20.6531332812418,9325,1
253,3.891351501469387,39.42384547042712,22.60496799090702,8034,0
226,5.695386122509004,23.39992452992002,22.598562806375682,456,0
111,8.854424137722116,37.50437939411934,20.760416552933748,7434,0
472,4.020954612343144,88.89856856453805,15.036845552157786,6099,1
98,9.36223361773701,99.67009038645226,33.23361985219991,6219,0
152,6.141174782868607,43.14785774561635,39.17113749498213,8032,0
348,8.280707712779703,50.37495678590883,20.607337082126126,1035,1
401,6.54189793702975,74.98638443824633,31.57617979508556,4535,1
383,4.416986393128765,89.75762024185671,33.54740817396788,8951,1
365,14.226799604432351,63.37399007681057,36.21063447726311,2668,1
337,11.454086912396413,45.23731283600464,25.56572992534023,6339,1
193,2.1016976364967883,47.13596567637614,22.573272641010732,9653,0
309,13.027019638468692,72.60563318471262,23.132378350575777,6978,1
162,7.311467973742705,10.289643724385082,32.815533327462816,5418,0
207,13.41828340341137,65.76304037138567,35.4194866626409,4671,1
444,11.997828839209728,41.99437093972217,19.540349193915066,9727,1
168,6.378202567038501,81.47775981493758,24.273525203944132,7616,0
483,0.337039624801761,18.369157584081893,37.54850491872875,4720,1
160,4.030160390774191,62.93820402535515,35.16733799236848,7708,0
67,8.124513219913004,53.28756008975114,39.6214600690619,1053,0
288,9.50217329739221,67.80929733147048,33.85620649205202,7554,0
397,3.868315281498034,15.836823503467151,24.829880025698056,2516,1
276,2.090341111092362,62.198540868531815,29.765945849865943,1989,0
303,12.523953551989488,60.533612916357136,31.525356356183007,1685,1
403,14.766032710553281,60.459408497455385,16.961395407928098,9940,1
383,7.885352734540287,64.31388999368093,28.612423977596627,8145,1
391,2.5751892877245526,70.8821143503726,32.73302071181524,6315,1
134,4.084609897790534,82.44900997126928,19.183032600026507,1945,0
194,0.275860148212001,34.28386481153929,34.51579293563893,6574,0
400,13.714482098407485,84.25444691620558,29.594319512852792,1123,1
127,1.766266243352117,54.843011403710825,38.80554464243987,5234,0
32,8.647747132713803,16.935245122089803,16.060557455172294,2452,0
175,4.11082831030809,15.269583631958128,21.633153438886673,4945,0
459,8.3126700377369,40.08144868264547,30.038846982495603,7381,1
442,9.771305825277963,80.64072794003208,22.413997805148266,9393,1
370,12.446127055608024,73.69128412668242,32.86060410178106,2006,1
469,3.0963190764090482,80.97534682051658,33.97513206304828,7073,1
374,0.16493742987720716,56.55421507974484,17.562899101661863,3957,1
21,2.053284451032109,49.61790981599415,27.846361605169193,857,0
237,13.500279627721577,23.270727403565555,27.722263889776396,8428,1
157,13.108351163437728,39.53734782483804,24.23201925538853,4877,1
37,8.961196532554624,49.061742955648775,38.3231215642418,4574,0
229,9.0077529065048,17.97403867116555,35.68765799683053,9549,0
364,9.975550118193832,29.855075744009014,32.43023454774092,2334,1
50,2.6305691793517436,63.840276465736494,32.85816589337494,5363,0
437,13.716179188874397,76.20968028152708,26.542903595327978,807,1
263,6.281557873381097,99.85127602536546,38.0248630274144,4937,1
282,5.747077923742462,93.98019982092019,32.36488568133213,3904,1
26,7.783765579242563,67.83086795816723,33.224526541395406,3608,0
225,0.7044895016258257,47.91232479646648,36.54227259468363,9822,0
276,2.494250531341191,67.25596282374094,21.851789733554774,1011,0
285,11.070504246395556,80.70864562722087,35.176772596667575,3897,1
96,1.241980018876897,20.65025718310486,19.8810150739123,6776,0
283,9.047281641995824,46.891440072665944,23.633548806122196,3625,0
366,3.6802366452198143,85.58220570720555,23.390261356746066,9117,1
447,5.839434210629648,44.54496567397396,39.463136709728516,2468,1
480,4.330406051560498,61.46850441044679,36.413430593698166,4248,1
452,5.335090746974237,62.89924247759784,32.52924653975649,1051,1
316,10.785688577763683,26.602862782027543,33.17641904038476,5294,1
303,4.456825734347626,42.601189748705956,29.051819860064278,7169,1
146,8.496069604453458,40.1060159867739,38.67726667771298,4116,0
3,7.140756032986495,12.35770376788583,27.40646882205904,2895,0
34,9.955067480439721,12.177258750221972,24.512942746747363,9723,0
191,14.05244608987137,84.85273393081961,19.075883423289774,8899,1
48,10.988581458153755,34.576372897553114,34.655141306526446,5366,1
16,3.2241056788613514,56.62708896149339,33.36109830188978,472,0
171,0.4677470259192701,36.88530162298957,24.608875963103372,6765,0
219,3.933960664497376,94.66113206038065,15.629835348980734,4316,1
157,8.926168960503823,33.336708297919635,35.97493319295027,7599,0
476,0.7713872022637552,48.66911314650416,15.285449586351842,6366,1
45,7.445493708018545,88.54572254361416,32.592494490726274,2760,0
372,8.952642733753338,85.77402101126278,39.25642774315143,8694,1
5,5.013658362254413,26.749127606164958,25.941533203705085,8119,0
98,11.56368305618733,82.23789788161393,20.87433512489882,1707,1
379,1.5989737970065772,51.23681980641034,32.62177525108454,2591,1
232,1.1270667260371314,53.46719848768197,35.428203550389625,6813,0
36,10.92283134305405,22.01319751743494,28.660757901946184,3125,1
279,7.432369743092977,17.254136238141218,39.175881881403654,3214,0
348,10.32603594641604,75.51453762763887,16.291718041449027,2103,1
496,6.522410079056193,54.68150371197698,27.619889957613204,8529,1
301,3.696030498586602,49.31656323536616,32.96134868306375,5787,1
180,12.286534765112997,75.65574057871571,36.566011778729475,3267,1
94,11.991238184534689,78.89616090919988,19.48139029769475,1497,1
98,10.420447062816402,24.30173509024182,35.000087044092034,6059,1
187,4.082177058449441,64.92026345298771,28.817676892963632,657,0
480,8.853460003036307,22.1818674049917,24.91384204974908,4602,1
115,5.414608454100402,77.62375774261412,18.29287571447734,1814,0
190,1.3737310998995123,69.12596406404256,36.63239397272281,9467,0
252,13.759703631933641,96.09531589751121,18.931830204492883,9477,1
468,2.052279463784421,16.206221472077907,22.744696480227482,9271,1
415,14.253560307312036,15.134924903612887,22.251138299060923,2721,1
470,6.690086594369336,35.39683672238802,36.78535085477136,6569,1
160,2.7769939325792947,33.55351153623154,31.81757485522245,4012,0
255,8.128514210675371,32.22809191647998,34.91703492978431,3227,0
322,13.094187538146125,91.5629122468933,21.261697469812475,3772,1
127,10.983373296143418,32.45915798645555,30.621852490174973,4956,1
17,12.098417217921746,34.47547535157679,29.293649578593715,7313,1
280,9.881750500660761,78.34584361761674,35.820759419706775,5104,0
489,10.384148467767787,50.4765858205486,37.65217651203152,9717,1
222,12.73793477347979,79.9039501259663,15.30391928693467,858,1
53,3.745020132887789,15.882954180794671,31.850497976469818,9220,0
57,7.341374454647108,53.88140743060459,16.295894977993225,775,0
322,3.3181416272940334,13.025224016495436,28.721466626933896,7751,1
359,14.815020119949706,15.638788310981907,22.190818226091956,1266,1
173,14.160890095299198,91.57937080099698,22.669414988053532,4101,1
279,0.5914021705275885,22.532083400583566,23.823962586308916,2247,0
113,10.583627587735327,57.91786140476954,30.532311226240253,2856,1
287,13.878724761234988,46.99860423406359,23.35124914171923,9020,1
430,2.708630176910003,41.26089936329584,33.317476264757005,1022,1
341,8.519178458289442,90.98500111185452,25.11318463934674,5684,1
150,13.732324463820628,11.964105709794055,16.708830007748965,7533,1
449,0.5091896787869826,69.74107175580302,34.59399606210268,2173,1
126,10.461304008702598,96.70549907921954,22.14395811481765,8840,1
154,4.460235110588261,60.41513651156578,25.819171989981566,274,0
489,13.865942930647956,94.31402158297827,32.13609708054754,9082,1
385,14.565873677480516,14.703209135742139,23.3114039287178,1864,1
473,14.16399733670151,47.69139871667453,16.41464140366789,1156,1
272,7.113213249861957,33.414201186584606,24.348026175320342,174,0
103,12.930639764839702,75.77388684826568,38.611214567357585,3296,1
416,12.668240978026056,98.31673814475221,31.043359932463954,2981,1
392,4.786507098648834,33.0877056199823,31.786978716680174,3021,1
298,12.43373211226016,68.8757141326667,30.807053840940995,2067,1
245,0.5551145207323893,27.82878694837661,19.97480347398592,7465,0
175,8.944048177230796,60.879722911444894,25.458346602557004,2465,0
38,3.450132559315546,51.75392380195026,33.77349495908295,3146,0
476,1.8085032866591821,97.48047966683833,17.53432243882898,1659,1
169,1.1542980244381373,64.76745454268199,21.946319402242807,767,0
246,10.444331638172097,41.455573487813695,21.90797771164634,3611,1
25,5.098124456520992,20.268620639914005,25.80047318986265,9258,0
354,10.871501572931422,23.612214586144113,39.50921852355462,6832,1
305,0.9803451119841355,30.27852369561116,16.68756366709555,1098,1
408,4.729355067459155,32.58699952062682,27.967524859514874,9599,1
407,8.092369385630057,86.5554452057024,19.48411705030526,8357,1
12,11.860847472584453,60.510050945427245,39.266913635243604,7955,1
315,4.7812875439810485,57.10518202369298,17.832587618186604,5628,1
390,9.388370646555137,20.32919846822957,25.09002505903978,1670,1
312,13.289666223542808,87.41257240144915,33.447124620865154,6598,1
35,9.237947822734569,75.05328728876353,32.61386070068613,7431,0
172,3.4943921213045064,16.090152571000143,25.56821592234831,4830,0
19,0.3660117233480703,73.70515875067917,23.663104198817955,3842,0
320,13.051483108513949,58.918439560838145,24.940309463821762,2991,1
263,0.3190411627558071,17.355281117210044,21.606906578965983,5745,0
493,13.12052509026299,51.247057737579084,20.133323467669996,6451,1
399,7.93405701040818,53.622665841704226,27.07599243897225,9219,1
141,14.086015477693442,24.91970861469482,21.713343901690184,6247,1
459,11.98174853660498,95.11283323002542,22.186541622431253,5500,1
370,14.969011658000062,86.49778343325957,31.418901586863928,9025,1
470,5.260677231775652,70.21201035961974,39.21343329249731,8482,1
142,11.507824333966903,51.606600490054646,30.090930013984377,5924,1
91,6.028963704138633,47.05889874260576,16.924486676624156,1603,0
353,7.198134304558633,68.58761204358588,16.889590346351675,1062,1
321,9.412581948275552,59.088868246621495,38.78558052113915,8428,1
287,13.10515671279508,15.604579529369705,22.43226975768334,1931,1
214,14.761252037989427,56.12523838932985,17.301674652061884,6849,1
446,11.524101207967773,82.57632555095556,29.976114678759537,4636,1
341,6.266501732510006,51.33158898372623,30.591219457256653,8672,1
50,6.320355034156052,14.676091979884157,31.212620502967205,8480,0
152,11.063734523833372,80.76503794456298,21.68505069643853,6497,1
185,3.5816571865245352,28.122740392237695,15.377767105361876,2395,0
62,1.6571116969709199,33.275875139923485,39.125384236361796,125,0
189,5.319332364611648,24.823571808906628,21.272326142277564,9598,0
124,4.308584874811226,39.71935583843478,31.900657201313688,5927,0
149,4.4446218068398515,78.10763551197715,32.66574674696774,6835,0
313,3.504116265748649,56.744727355354364,30.250185426987144,4972,1
57,0.6313978445454282,28.43931467356413,22.822684855341205,8140,0
341,0.26810902100120715,89.00470703368367,21.777406344101642,2380,1
304,14.815835846040473,89.16236694563763,29.941707067567577,4736,1
179,6.416597006037935,88.35205825414062,36.652390840292284,1952,0
169,5.764899707395225,31.491659024338535,38.66834322308489,4720,0
325,10.194709240396048,50.61154097628893,17.64764511009394,7193,1
270,3.2738083179759627,98.64906905267875,18.870715314942995,2109,1
53,14.24941775925338,79.48112286789913,38.618406469576996,190,1
490,11.79517521623328,12.445067910300384,33.413380708369814,1839,1
443,1.3411650346838928,15.868413213444285,37.07484562074433,66,1
100,6.263711636773925,51.75382391310995,20.06581585338358,514,0
480,13.18677461343247,91.82981852754041,29.689646777735046,4521,1
263,14.170980334371155,58.48316181574428,32.52848986043684,1877,1
52,7.011022668748046,54.80312572308612,32.002797136174316,8761,0
59,9.201170838160616,19.492632996096752,25.203792271667453,6006,0
491,2.5055091913811283,69.11020942518647,15.384872292282711,139,1
107,14.867529392054648,83.9892844540203,29.573151420106576,4865,1
4,3.475075520751651,44.23780067568061,21.32753847949022,2901,0
102,14.140976612026884,79.80506658327947,26.25635615357226,2893,1
195,9.744699734885527,96.80289885107304,38.939525377095435,9167,0
261,9.116051923182887,28.338981321492017,24.975882941060867,6593,0
364,7.6903276652476285,57.09966680752672,35.995040166610664,5951,1
479,3.4600471757663804,35.8424162276118,19.71351514373128,1019,1
371,2.647920480082624,81.35689771304554,31.81151245062572,1144,1
349,3.30729313605263,61.98340292930418,39.42517386097359,6174,1
46,2.7965739321638177,67.11241757952735,17.54732752182342,7397,0
354,11.6937671035013,81.81227436543047,15.2079985556798,3245,1
310,5.251878887500951,45.63734253962094,25.83956981581536,1454,1
423,0.8676401484509455,92.3581061566339,17.31563707628418,6990,1
307,14.53653945211217,57.9725980521526,33.70960874190578,4340,1
143,13.256788274451385,24.21593405518132,37.863716596213976,4032,1
268,13.916284247928195,72.63092063519221,25.85052431771897,5605,1
369,14.923617339696529,81.3935215394429,21.467791053886025,8004,1
123,2.6084287382923095,38.5085509360774,25.860082975165245,4763,0
105,5.943630283539881,87.14613312988777,33.086195446250024,3142,0
157,11.37357713556137,91.55289292891898,15.226354039509275,4209,1
146,10.440309270806884,34.921403864002805,29.73634973711743,6358,1
144,2.308438595097826,98.51693254436998,30.332292122184477,7528,0
119,12.237496874859266,22.664037524388256,30.942206172398386,8526,1
318,3.36660857754991,28.181410156224096,21.05055199952193,4983,1
274,3.3572642223393463,26.580235531422353,32.85131808445317,4976,0
91,8.054616343401204,90.45907390070833,17.28478715829441,9429,0
57,8.894099022625547,68.88632970924657,19.98175841167002,4019,0
438,8.701293117567168,23.68938549000456,36.93675116636204,3015,1
345,1.372302560966323,49.62910765315141,33.46807876816416,4369,1
228,13.161912939455705,65.37682225628218,15.34363885028363,9025,1
473,3.984000638830591,17.511767649044497,21.209406509245007,7158,1
116,1.9427238192420626,89.41747315666049,20.360162074829113,9191,0
317,13.331221198034658,82.32431818973816,21.770158200924314,3989,1
278,14.3347724734463,55.46860962189744,21.188994256997162,94,1
126,12.93191425898176,97.04139537332534,16.563157393571142,1860,1
392,12.142741120873172,47.59848813475897,26.47351291492051,4616,1
395,9.828629709585325,98.56992871328481,33.31833686965413,9071,1
128,8.26286055913709,70.11279989232644,30.16829311793591,1959,0
57,1.304801398671152,67.12041459285473,31.821791714951996,6414,0
121,6.126798196060481,24.935940576620652,17.02872946340598,2631,0
0,5.59032775518471,89.37349824741796,38.78726775441968,741,0
238,3.896306756404893,48.474071912855365,35.96229584607562,981,0
289,10.851301705328774,24.60100652042314,35.12725796239157,7960,1
95,7.438136026181562,11.134676797818313,35.57459512604419,6432,0
125,1.215693238614719,60.37801152745443,38.31776270331903,3456,0
117,3.3027480292471703,57.46596599104087,28.60634915284244,8389,0
47,10.248881454893938,74.74182601322427,20.00705044669065,1082,1
88,1.1419628923545027,90.1232247716022,30.41959019631353,1361,0
487,12.76810371073153,17.146592617872656,33.572037341698476,8629,1
236,7.427197905209615,75.83468413063261,33.44793483385064,3171,0
372,7.2087986598997205,26.8670749687824,28.036225604172003,1923,1
384,8.886116769892764,87.23593478414476,16.711467983339453,9157,1
271,12.370214488877238,83.71571624754905,24.277823460753197,6831,1
188,5.217138118532896,58.671437948698994,38.01916521158393,3798,0
486,10.170242288385953,73.92185187609803,29.61122274393565,327,1
191,8.485979459936866,38.29151018653735,28.458298581392835,1909,0
446,4.00542405254132,52.405110903953315,21.721337859554836,5979,1
68,13.17944979532737,83.94732079394245,24.211222997914472,6842,1
277,11.961390324103922,51.33386774558925,37.383652228829234,4763,1
348,9.876777519876383,42.20184387928976,31.661576188170894,4725,1
246,12.75872593641363,54.47912025252699,34.684675668808325,1220,1
450,13.009413014397035,84.54243271934965,26.358635576691377,8731,1
75,10.625444650725521,40.16872426337855,30.75618048640395,9424,1
153,12.555199925455081,25.63854338221694,21.20959021858019,5358,1
143,10.462071925039254,74.08126182977027,32.636520757087155,2512,1
434,10.202111576404507,84.33803914372736,25.690033342583433,9872,1
484,9.279170673227764,19.057373067118,26.063637870368638,337,1
85,11.290749593364618,31.588670148035025,31.233058114422043,6003,1
184,2.3790765793961057,22.77747907848945,38.407015536723165,4332,0
284,13.213061387983927,41.31472704239499,16.600158665215524,1957,1
461,13.07765291617848,50.53158810148714,35.61858093367519,1211,1
219,0.4387092455183872,77.39437032669758,22.309577760304826,179,0
68,12.38725125847144,68.60328263935068,26.097986362659448,6387,1
46,1.933048012101678,65.8835710730588,15.547833219375224,2413,0
496,5.026782813887128,41.71374519486889,22.526151945857826,8201,1
93,11.152623844374116,85.7302797776284,27.565781065753264,6033,1
237,2.411398440724623,52.41584506583481,16.404401933685975,193,0
445,12.269505361785933,98.11944442136391,27.27739323457913,8257,1
499,12.482012669366128,67.07279244661632,38.17776572146069,7519,1
452,7.612016006412543,21.363826740805244,17.63483045269513,294,1
203,0.0957880757525037,70.85598058678906,34.11101820188761,976,0
399,4.305571997623692,39.25936138885291,25.241776334399816,3228,1
217,9.253903775636132,71.76944770174876,31.37934286310845,2226,0
473,14.717792670411352,16.267703334616517,21.505914949630736,5052,1
431,9.477202905250026,25.739329345836346,18.987306563533956,936,1
340,3.897053715962397,87.01635330152077,19.01156535678066,8582,1
38,9.510085546494171,30.44616013211634,16.762298641078615,3448,0
99,8.099780695737833,85.3337012718646,19.641167622531075,8547,0
288,11.697680927267154,35.134847960896934,31.605484624724205,9149,1
253,1.604709582404376,67.8593719052837,37.042265296087706,2704,0
221,11.415418537530421,72.47355161588479,35.353142139779045,7442,1
356,8.118998680141654,56.13892778305476,32.12835774686211,1421,1
22,14.44488005788492,37.47796090270582,17.760796585277568,7185,1
249,5.128082490580291,29.13799387339865,22.229686157398746,370,0
9,9.489328397009222,12.987041910618359,22.745171883061722,4704,0
245,13.980421582650262,37.355176111665145,21.24892365994053,5350,1
324,1.5376459198601888,68.78465114781548,27.875141492743076,6811,1
99,14.058427308546767,94.44743366036344,28.388845371991813,6904,1
289,10.318285834512201,88.40840340367468,23.922149379277755,5555,1
179,1.0175558865775787,78.94582988817723,23.844728968410898,9373,0
222,4.514453504202244,80.96026089279688,35.713889947652035,6603,1
393,10.622581329679225,69.84864131283958,34.73232120799214,4092,1
249,1.0102590220315755,33.42581718094027,22.69489579201864,9059,0
146,8.732556902644099,91.64755276352469,37.84471109683148,7548,0
441,5.188245854294351,70.36590807152507,38.82037542506265,6686,1
95,9.313732766512157,60.439656788239596,23.16856355075102,7412,0
256,0.6861305071876928,19.989052229213296,23.86062371982637,61,0
324,13.073052092285645,50.23499894257829,27.64085383554897,244,1
492,14.602334537660953,51.43224440817337,38.52802031334184,2587,1
3,14.533167829285372,87.8107248570403,36.907985828557784,2892,1
15,11.24477747614387,59.19833981690096,17.564199064589744,2279,1
279,1.9512936019594795,44.23604940733687,24.818268581785404,3059,0
335,11.37394793893534,97.91202956595934,28.834279743744297,8034,1
246,0.36880374688202266,19.96485339936841,27.578311813788503,2127,0
257,0.3318532729349588,48.02935854807502,19.846576698422318,7895,0
496,4.854153287243118,13.782220765426477,36.47041927920387,3917,1
475,7.329647856069986,76.59137086902373,31.923519574920935,4923,1
383,11.556111267116899,92.62688969792356,35.94770937129509,8685,1
159,10.249430649097578,35.20335965954405,36.46910698373681,347,1
474,6.688540595651225,87.25075091192087,33.708896341643495,5906,1
339,4.1043999942249885,36.2996407415708,25.980265031242933,9086,1
151,14.956867502365668,91.96931454795237,30.263668875385612,1065,1
395,6.392719533539594,77.85657132371055,19.00913515299358,1434,1
177,6.770805364945132,82.44160991572947,31.841135436872694,9639,0
162,2.4543573178750377,11.620590004040904,19.48133139348202,8795,0
379,11.92214323124894,96.65293213666233,32.34873976275392,2400,1
32,10.40523338672233,75.40038928632909,20.739954018849218,1319,1
416,3.311544191831406,37.427598584752,17.938782503755498,1310,1
444,1.2357156842376404,84.64551983729622,19.132112253573936,7751,1
178,10.207489531120697,35.3369078573437,15.049803380476757,8426,1
426,9.81766821421703,88.54784556095152,32.96849044633825,4613,1
100,4.09889290497314,20.132235137074332,33.31002622645948,6947,0
267,14.262953433756156,73.33173797147163,27.873333747831488,5722,1
322,2.2658683767135033,58.66286289804193,19.03407002638459,5643,1
64,6.485022015639029,18.688102317589674,17.088858437767243,6205,0
416,14.154238802513984,31.770444543295508,15.478224160932175,5593,1
167,6.295909753891834,11.11636326495833,19.14370442413052,7290,0
329,9.577889214961283,52.189116891805526,37.27138837457866,4733,1
42,5.963915969441914,37.11387346840003,21.038421042542044,1931,0
43,4.11322803523005,63.852173586798294,23.85678318043039,8763,0
284,14.759664719397424,36.751402693775546,17.63363711203333,3859,1
396,6.140010094725645,36.99272003562862,20.559032618704258,5857,1
11,13.411488055187016,76.8873878858443,27.98061426950513,4933,1
94,3.449319088366293,14.33285523805181,30.193817077391316,7256,0
301,3.1965705603762498,91.26054956727886,21.133807854155275,4205,1
385,0.4670112432676704,86.70374869520633,16.44330398062793,4723,1
252,9.775002380638275,70.10242149037659,24.775821728184965,1459,0
498,5.527895155856417,63.389941309664586,20.855084273158354,9936,1
241,12.965373747594557,90.3072248325687,20.48884808074505,5247,1
34,7.098148600373357,26.6797161575843,38.99657006783638,7502,0
214,14.522901418720826,17.107224597174575,30.407512148143102,8768,1
336,2.782882735546817,31.55591529185843,28.9219610793024,2222,1
89,13.029347519334161,81.51204508301713,25.394377588083046,329,1
263,11.648952791876127,13.120324005383498,25.723608335753607,4027,1
92,11.56382766966078,62.45261515751407,28.522625095952023,2719,1
409,12.671748421753314,99.5893764572179,32.410745175902676,7875,1
457,11.415359864144984,87.01264844537855,32.55365240454574,9993,1
89,9.393304824471231,56.93011201392305,19.29234769263624,4031,0
417,1.9686731652358136,15.72768183579781,27.502818801915673,4819,1
114,0.48789269236877875,84.82361629471389,25.29895237585255,5297,0
104,13.812717717235303,63.90806573594895,36.76317415673461,4477,1
390,9.24975471781107,20.343969735361014,30.78547303045941,6185,1
195,11.948059364642646,18.44715563410206,28.312601660399544,5623,1
313,7.222835272688251,91.86641374929332,17.884866054472933,4181,1
113,1.759622834435917,70.22802366442706,30.140947233085285,9950,0
492,1.8777868830382567,84.635811938508,17.930097642005837,7239,1
74,10.28347930843457,89.10810102540405,23.4301643891438,4585,1
412,6.45458842349194,61.459511684348996,18.571049120358296,2826,1
375,3.0078709005050506,56.570171657953715,32.301841175609226,9361,1
419,7.373918201121553,48.73846692888912,20.156302845903816,7747,1
216,0.9631340561270113,38.52519290120074,24.79648432970065,8436,0
276,8.729571028715982,49.11363647728406,37.39186944046946,712,0
248,4.034901066526465,79.64916901571408,20.10790958497426,8721,0
163,11.963386509557822,64.17310879136184,27.69512659896948,8094,1
393,4.6554293838536065,90.32709609593614,25.48179152915055,4268,1
356,6.828302236227018,49.90420129412689,15.453101026143244,9665,1
456,0.17430809862150953,64.63806208468786,34.81895283932032,5110,1
407,1.086703316918383,66.81767977827899,16.726147657864992,5924,1
191,5.887403346100272,63.2527446075693,26.85637552442384,5631,0
226,7.1990825207568525,73.23703957769646,29.016957373473748,2064,0
176,9.000308221789556,31.369012153732566,30.710661415364676,3839,0
98,4.3749386806395485,56.11273997912116,32.21579073269689,9153,0
495,10.424728291898138,19.38023225275129,21.331809588067877,7198,1
35,12.901835957838069,44.60601948803313,15.249469416461235,7816,1
465,11.697764833400248,53.8900361759138,33.086091558872795,2414,1
496,0.5942823802253572,68.70018335909252,28.391414983689465,3679,1
486,7.207604208867434,95.54779473275832,35.90294258018122,5969,1
95,1.573952676272623,64.05859598935203,35.53470907251736,5725,0
151,3.630675237937912,76.92345245589038,36.08315419469708,8922,0
150,14.799938899007197,55.56394535456825,27.127366499488502,6688,1
189,2.1374331435226983,67.06936282386982,23.34070989592164,4701,0
223,7.483322301770341,16.383899452039607,34.78895506478425,659,0
36,9.272336014771787,32.89524227576623,26.282352825731373,7990,0
267,10.536974558161559,42.56677838846248,19.586054910085863,3916,1
368,8.394730252303711,52.524401950586224,36.37435048903686,421,1
182,0.1465627112877549,14.108387095214535,37.06399691930868,7048,0
12,4.896919623659878,22.60216877979859,26.657743903504254,665,0
278,7.765674650770672,34.91328770121752,16.892493182744687,6961,0
216,1.3179974871725002,97.43794218109456,24.69565224792328,6060,1
354,5.259403968137711,39.82123063927457,35.08844148656509,2303,1
360,0.49804663187049847,53.383695230087426,37.54435071365572,4992,1
285,1.1786774573253112,27.648794146455366,20.086818562439895,914,0
272,5.953849143023941,64.97020639681915,16.674340300631787,1318,0
368,1.9907363106459053,35.26148939643769,36.93376132832097,7504,1
61,8.513112723923372,28.62933205945841,24.735123474471884,9026,0
83,10.341974537058986,56.491536560138115,28.54402410668908,4621,1
367,12.008800486636243,10.495521924437874,39.20164530126897,5279,1
216,3.0022536636721515,10.68976293843028,16.664118197855572,2287,0
341,2.512238733886046,29.7161928191672,31.20795018630239,4104,1
396,1.568517605016004,13.304922625073903,16.852635564371678,985,1
186,9.54645374315455,19.722317871762222,24.38672321166251,6444,0
18,10.597135897303517,40.49745844048765,35.09536362983617,7941,1
176,0.47379217238463056,82.23271116218315,25.83680581889086,375,0
99,14.043183693655347,61.484377903237075,39.92955884757376,9776,1
395,0.7795692547720862,56.14009533607748,28.976482123665054,7824,1
444,8.119445029516058,36.413994088730945,23.029053815898838,3911,1
232,10.635907791763746,93.85783474895348,20.50278314761883,2035,1
402,13.064536856191284,45.73135371134725,23.763013357154044,4982,1
75,10.711303981986417,17.838349011619435,24.31333184398877,4653,1
264,12.025921246046877,65.53598645060211,16.717841943099025,2828,1
454,5.091752888142091,20.245455412894128,24.23935498566933,9512,1
283,12.222376706197684,41.07008285215229,26.605962993480624,8882,1
205,1.201722695770127,55.6670744846028,33.06844380597012,7804,0
222,13.422249840907915,88.68002722166582,31.4182371180402,4128,1
383,8.213885642306044,54.41919223061068,32.71914138072886,1417,1
51,12.259466549437406,73.20328894284978,15.209092046921427,4092,1
338,6.784774267774502,99.35351550991633,20.4416849895134,2625,1
366,9.653665427947875,21.834020790818347,31.542107209996413,6804,1
143,7.896039914041698,34.72583729675676,27.09973420449368,1631,0
372,10.973842826329978,45.511846803788174,15.13283689170865,2036,1
68,1.2244497304588435,47.96453606849482,35.11236606079556,2290,0
98,0.905281259858457,46.99189677389912,34.32023933225844,4016,0
395,3.7065485101521967,91.68499023008994,28.710479074839064,7654,1
24,2.393170201697825,74.26293800201708,16.6615831444068,8370,0
435,13.076753498883026,64.71146926816334,34.16287623831462,6018,1
378,3.288209810370665,37.84354460765039,29.5928396932841,9093,1
468,14.637978837286969,84.14113457991652,34.548999428948974,7543,1
483,5.053436876566603,95.95544603364901,33.79367480989601,4153,1
52,2.731768735330489,83.90784542952039,35.07505179894593,2126,0
150,11.845477607137187,10.140859467232561,27.95020166011562,5281,1
143,9.880616632513142,67.27612331650664,18.508112954837873,3044,0
56,7.472935746797084,14.602184329789065,31.778936834492217,3794,0
38,8.330453264064468,33.18464983003497,30.511844626299265,5644,0
108,10.788026674083957,15.357223031299451,33.55632967997718,7581,1
180,3.426821119969481,64.34159076544489,19.24702515126838,7421,0
41,14.94500874085113,71.79309221433462,19.87437999750723,1694,1
185,14.621897432201747,20.30388742593146,37.260237930483214,3194,1
422,9.754885295204053,44.54549947404816,33.74944496130177,292,1
397,2.993136763937177,51.06128580599878,37.70571221750807,4135,1
222,10.20342363646937,43.214771958482494,33.96788302909802,8004,1
121,1.0829761346876376,20.892250043667374,29.928882649757547,7319,0
132,0.45978753308709097,47.70530111687279,31.35331842569684,7180,0
162,3.865243327668205,77.60602430275763,37.22819809850024,6878,0
214,6.939344351089744,16.39068980799299,29.470168862798513,8412,0
220,13.024087581125707,17.21620126737131,30.809783108209686,8894,1
234,10.90753604649462,41.92941626523858,18.911917900090014,6381,1
330,11.140597817999716,94.75531404570326,26.848030502902567,3562,1
145,6.38240001672113,70.17153820506226,32.909927798952474,1549,0
238,5.189024888204444,71.08029610053083,21.773567457909135,2208,0
75,5.56558144476904,42.572799175407845,20.056354513113373,5212,0
8,14.814743456040867,63.42947120876846,22.84567020561039,4089,1
73,0.6016378711872372,10.911806562496905,21.037515699820837,2085,0
441,13.005472441836728,67.24864417685879,20.372815925909897,8027,1
491,8.6801311285859,92.1958252818613,25.621271071702175,907,1
400,6.579231287843857,65.13161215103372,37.69596284708835,3873,1
252,10.878864906227047,88.63287341197105,27.676491168467955,6820,1
229,7.300034121370543,75.15757499194844,19.698009520383074,9291,0
6,13.101348571224909,20.850257476332125,16.92429173452185,348,1
173,13.510527960168877,91.22079765572576,32.403903628448134,7294,1
140,6.325813903101832,15.97994599201974,24.569969110909696,973,0
167,4.152416958525774,58.05707252929874,35.545773664633984,4282,0
169,8.885254928900434,22.79234114141119,31.487769216019256,4356,0
392,13.685450184250364,11.053594965781366,34.90603626353421,2849,1
433,3.159932835084999,47.98308341148751,21.79865098546122,6628,1
282,9.344498753452243,36.55366368887406,32.30897306152645,4925,0
121,9.473403301387808,53.74004444178427,21.601549617342968,5376,0
193,10.996695336229214,61.947989806109575,38.476711986257286,6632,1
4,1.973515276908897,13.936516507805262,30.90935703833436,1852,0
28,10.737374470231329,21.070296561137106,23.11279500438355,2707,1
164,13.635487809984616,60.27781568053828,21.737796557306815,3396,1
421,2.6952466330536295,40.885061785539236,19.773164626791086,9713,1
338,3.5631498738581646,75.62561387945031,32.3660239723432,2999,1
135,14.570926410624594,68.70624837327458,20.467890324948183,991,1
495,2.7146542906423465,86.10439266909161,29.882581648187227,1957,1
364,12.815776400543687,72.32435440023028,21.615875673133935,4887,1
320,7.384167846720522,48.69379696511333,31.549223619846714,8155,1
341,3.7084661160476555,70.56699601549892,35.373493213513484,1293,1
499,13.061248519087671,34.784305682987664,34.450631078616325,5746,1
144,6.679578825039982,37.568214890039144,34.021283273269546,1516,0
326,7.722260308945353,81.0086643928714,19.6930601423063,4007,1
216,5.3885005409964855,50.1777564761424,17.209623674612967,2016,0
300,8.89426277152391,81.85423064665173,32.473720712184644,425,1
131,2.4528580887753417,84.01801363014506,24.208680344858784,312,0
291,5.86622304977641,87.18061038951554,25.80865566008368,4412,1
69,14.541184835029313,92.49717122570866,15.778727319834777,6552,1
251,3.8720014905169133,48.78866984619666,21.48941123187623,7883,0
414,9.851049968119383,38.698013648902496,15.8419100968616,1943,1
274,4.877850963370423,62.39788719347025,36.979644315031194,8156,0
444,11.60209688529901,43.405518109386485,21.084917080463264,1702,1
363,1.9631049107752474,64.09667501202097,28.9334292393252,5590,1
181,14.54731567617817,73.50272763794422,15.97448301652826,3942,1
166,6.806843120754589,71.95645166429232,31.67118478264145,649,0
90,3.5407569501969594,43.70975983181092,23.075683643852347,4865,0
201,1.10245120995019,25.017418152887753,37.447979673941646,1962,0
345,2.546368576313111,48.74764046159868,37.2029547233509,9534,1
18,7.796609228340265,22.833472967371787,23.132265459043694,8842,0
38,5.055047646469294,90.10873316654275,37.5240223922617,8622,0
125,12.433250488239143,41.128971466407165,39.903941837469475,4263,1
450,6.463312854927089,23.90137725009914,35.6353916030987,3687,1
172,3.7307140888144485,12.29029839151758,36.12178369388073,9340,0
140,9.25717479906045,68.12401476578358,21.225218402727247,5649,0
241,10.601658253281688,67.3212085709269,29.417559971443907,6498,1
219,2.505628618514248,40.65437499231625,16.681397849184197,8607,0
125,2.514288244324765,16.45406999628859,17.372948420541743,7432,0
57,0.5500714040031446,46.86660054057088,39.972315300832264,9032,0
147,11.046030225984607,38.00957455570543,23.165981235647774,3619,1
475,9.957067914327077,70.94085757615085,33.704597801221155,7757,1
455,7.119463136247209,64.52013245074212,35.16662632567041,796,1
316,12.662556734537956,42.8134355377786,36.45058177518073,8554,1
382,12.085052294250797,29.61032988294911,39.94070743505391,4683,1
360,8.780315465951283,98.92323695400327,21.037412131421696,970,1
422,13.02406920769888,50.860145907650335,16.008770671492492,9319,1
0,3.0876181505515237,71.94468122022133,25.279787949864648,7058,0
386,1.6787942909659181,22.64976708205247,18.252016745723672,2431,1
460,4.046244172754844,53.703072969345804,15.560647229051378,3668,1
347,0.8563028413397228,12.478304788251894,24.010670678537153,9039,1
189,7.967542920015481,55.490960611940494,34.593456276880914,4493,0
190,14.049085384424423,96.76156664059322,29.15451728062677,322,1
368,0.5901531100276447,44.57860416872202,22.819449730258853,1823,1
408,1.831648710150402,13.509641131742043,31.35855013731799,2597,1
311,6.782985424251529,12.786021182740917,20.800454507720268,3214,1
416,14.008125262918574,44.91880839521826,15.359536151802125,4830,1
421,4.742341574651258,24.402244281687466,34.10883466091069,996,1
116,7.608522130325887,12.101688669536731,30.593577121600227,556,0
133,0.6235928857558815,78.05922525551591,34.057565612524,6769,0
57,2.225148014431333,51.26707079937016,15.973450417191641,8485,0
43,14.799451844382704,36.032029477538906,35.927990695766304,8747,1
172,14.476780446540683,91.00748647148326,30.488155000907582,6410,1
159,0.07409971401614424,20.452506418047307,29.084883767816002,7707,0
172,14.277176781348585,96.03269460597873,30.615351202863287,3640,1
316,9.586799067232505,38.25700456396176,36.6108311717091,1242,1
302,13.018774417800332,89.95633050778132,29.673412663972677,1514,1
148,6.821097834507887,64.26485888315153,29.523759497204484,440,0
79,7.733940428688753,84.40366237673388,39.76697892664414,5665,0
373,7.3326987038538025,98.56118468894178,33.9182541767142,6156,1
212,10.002963863191566,35.956489403687115,26.057345136278382,8914,1
202,2.0947688213446938,96.50219368668337,32.68492500082319,2610,1
251,0.4496038480901693,45.05337054121783,24.730761792294714,5917,0
228,4.618949123867864,44.69607142632301,20.721886562087477,1261,0
163,10.5702114410497,40.63483938290551,29.921296922193985,9171,1
226,3.0278017818442255,58.72668466128267,38.20455245284879,1589,0
146,10.10148649987376,23.873053886063836,38.22848800038657,9154,1
19,14.548680691609057,59.834033682221005,23.547631952637257,693,1
440,1.4085107368412757,58.75343311690036,28.191936655542374,8743,1
401,10.089031773376893,78.5711631344383,20.29089746424653,8971,1
46,6.656253289568567,85.0284965743827,39.890777737472085,1333,0
232,13.022133815662581,49.639721528118166,39.52794769669839,7730,1
304,2.657246841710789,37.20999244163444,31.237723242686183,7395,1
13,10.389389283392468,33.3401407585385,35.11035149193684,4436,1
142,12.571729344721653,27.516145303438474,32.8775040320925,969,1
414,14.16921329211035,15.18828239791224,29.828955475986703,2389,1
0,10.248720424344688,40.8203180951242,16.333699924722442,8997,1
372,7.4576214601264095,34.322292291770495,26.369108563816525,5980,1
53,9.267708603018207,96.97756472797666,31.869657554185263,5452,0
373,13.033574767180774,60.19379436250395,31.938290347092117,5713,1
258,8.559146199582445,41.25493351274568,24.32806546055959,5325,0
143,0.4558058954525529,62.24208408943264,38.54229966645076,557,0
470,13.964230432604667,22.527703121112594,19.183925805919525,1486,1
440,10.342901265473417,49.963937428198264,27.508986155389017,8800,1
458,10.147700786658698,66.36108892789574,32.27209941377057,7404,1
11,3.2351272859657576,54.000804861320624,32.428395147295234,4566,0
329,9.883282053489857,46.160092058889184,31.21597391922039,3672,1
223,5.907966084812378,99.44635500097283,21.882205336296504,4449,1
271,9.768494655622382,89.22832859340343,18.90516421716555,5087,1
455,1.5988954546198608,66.10653623434962,30.89850817066777,8161,1
357,9.86767956904554,61.24396250640545,29.982552903485946,3765,1
459,14.991205886559998,65.85944318421257,19.483900257231024,7887,1
407,0.7231805829083404,28.118089704018992,32.62847863926409,1351,1
155,14.65761276331976,45.56239689378867,26.37929979334141,7420,1
372,6.103619410843059,13.551357960180939,31.694014790078825,5235,1
7,13.061301755058887,52.7991433738144,35.93417699425377,2205,1
121,11.735782260874101,58.87221255618969,19.24321071442308,6461,1
347,8.505243914800017,30.497476249288862,15.478621699920916,6415,1
163,11.076738138769898,96.76259624489623,34.47756465989467,742,1
89,13.177733419520218,91.85091498435177,30.2424356288154,1528,1
135,6.062104824765495,74.99289119103153,32.49098924055304,6446,0
185,4.905497423448581,58.004796588882634,35.953874374716065,8498,0
315,10.01390078345377,88.29722436829165,35.07027337061251,491,1
177,12.11768912911888,21.758710944111662,39.023003673220614,2696,1
27,11.434277021649237,81.14588148473965,28.398376971302955,5259,1
219,11.967204732879518,21.23387325701635,27.212390816497635,6583,1
356,6.533749722193995,81.47895962944649,25.047179997268252,4727,1
40,12.267513242625323,34.819081142622125,18.842276071105115,7261,1
227,1.8031358305591265,88.93815229163701,29.31518082205056,9977,1
191,8.167336469412744,94.96378844428581,21.92531310814947,2695,0
410,0.08637990747182356,23.391637246460405,38.032687805324386,8260,1
446,4.8687874485040545,51.640804455885416,29.57977010692744,9366,1
144,5.496923023070968,98.28886403464166,29.821004512702753,7983,0
200,5.942590374138831,53.506669237583196,23.87311652192525,5526,0
416,10.432008100347932,87.71927702630906,16.299733799442688,7978,1
211,5.828371519055186,62.985836991818786,15.793594134324715,2130,0
460,6.73040433933796,43.77969171276417,25.583378603829935,6139,1
219,3.563161963114912,35.72051999732832,17.114134452430946,7446,0
239,5.598776874440102,28.290078197747853,30.17117388850348,9789,0
412,3.4090444089472722,78.56183722399275,37.02432514099144,7847,1
396,1.0979388565266546,44.78864561407251,37.07287041296806,911,1
45,9.051728900720668,56.0147915980676,31.47613525330581,8396,0
34,10.023191978325244,54.309293200106374,20.280795786823276,3544,1
252,9.292355190144217,61.95511263098181,36.574920783971805,954,0
389,6.952410657008585,87.9019431062097,37.1523358828302,1319,1
81,5.696786702688447,98.26654092250864,19.916339623823966,454,0
370,12.950004743577379,46.68257877164353,33.43565214426693,9085,1
255,7.786226777043271,84.47670298956727,22.162988723178074,9806,1
196,7.187728164445964,78.80750151892458,35.066007808823244,1234,0
302,0.3846309870965353,61.617605631001595,39.93094749759007,8988,1
408,5.1187174143923455,96.04424292507397,15.75065013323482,1775,1
449,5.702934281787856,28.042706397556252,37.43414664477329,8512,1
9,5.982341713453508,19.83377892786593,30.565763339966452,5861,0
311,8.702585538409984,86.85657702598799,39.33456547912053,5656,1
285,8.004038200903176,49.52348349703735,26.62523793816069,4006,0
241,9.11857639190167,86.22719687863544,36.18469826428434,221,1
250,11.473248923131925,90.37811846758734,16.55985171495693,8515,1
364,12.194786080741402,15.62118342571643,23.381976251957393,2356,1
4,10.771846143397417,89.51182866874547,16.67541344378025,9400,1
118,14.332855439324021,50.348714983247994,39.38357833697677,9948,1
288,0.27348874014542446,55.9389240103809,35.42434768179592,471,0
373,2.9366697852531916,66.39332599838892,36.31368553114926,5590,1
64,0.1134431246721318,93.3744346057078,38.44913078584736,9451,0
145,9.712120712319045,11.720448498678763,17.127587152994636,4725,0
223,13.470458234249804,52.91591214860354,24.639939812833333,9132,1
238,3.652234448644489,71.89498381875046,16.775872226100052,6798,0
